filename,publication_date,download_time,primary_topic_id,primary_topic_name
W4381433571.pdf,2023-06-19,2025-08-12T17:05:48.002460,https://openalex.org/T11438,Retinal Imaging and Analysis
W4390907087.pdf,2024-01-01,2025-08-12T17:08:07.979234,https://openalex.org/T10883,Ethics and Social Impacts of AI
W4396712515.pdf,2024-01-01,2025-08-12T17:14:04.650824,https://openalex.org/T10191,Robotics and Sensor-Based Localization
W4396872845.pdf,2024-05-13,2025-08-12T17:15:53.911582,https://openalex.org/T11122,Online Learning and Analytics
W4392550838.pdf,2024-03-07,2025-08-12T17:16:03.681155,https://openalex.org/T10644,Cryospheric studies and observations
W4393222196.pdf,2024-03-27,2025-08-12T17:16:04.888645,https://openalex.org/T12026,Explainable Artificial Intelligence (XAI)
W4392165770.pdf,2024-02-26,2025-08-12T17:16:29.587241,https://openalex.org/T11636,Artificial Intelligence in Healthcare and Education
W4390706293.pdf,2024-01-09,2025-08-12T17:16:39.336747,https://openalex.org/T11304,Advanced Neuroimaging Techniques and Applications
W4391892547.pdf,2024-01-01,2025-08-12T17:16:50.578994,https://openalex.org/T11396,Artificial Intelligence in Healthcare
W4400227649.pdf,2024-07-02,2025-08-12T17:17:08.491333,https://openalex.org/T10320,Neural Networks and Applications
W4390884647.pdf,2024-01-15,2025-08-12T17:17:12.912613,https://openalex.org/T11775,COVID-19 diagnosis using AI
W4391128534.pdf,2024-01-23,2025-08-12T17:17:13.441587,https://openalex.org/T11636,Artificial Intelligence in Healthcare and Education
W4393239942.pdf,2024-01-01,2025-08-12T17:17:23.474716,https://openalex.org/T10482,Mathematical and Theoretical Epidemiology and Ecology Models
W4394627330.pdf,2024-01-01,2025-08-12T17:17:36.423369,https://openalex.org/T10400,Network Security and Intrusion Detection
W4388048489.pdf,2023-10-31,2025-08-12T17:21:37.969743,https://openalex.org/T10235,Health disparities and outcomes
W4322580329.pdf,2023-01-01,2025-08-12T17:21:50.303183,https://openalex.org/T12128,AI in Service Interactions
W4321611685.pdf,2023-02-21,2025-08-12T17:23:54.665078,https://openalex.org/T12026,Explainable Artificial Intelligence (XAI)
W4385656600.pdf,2023-08-08,2025-08-12T17:24:12.574265,https://openalex.org/T11636,Artificial Intelligence in Healthcare and Education
W2977777339.pdf,2023-07-20,2025-08-12T17:24:22.619025,https://openalex.org/T10244,Chaos control and synchronization
W4381157438.pdf,2023-05-04,2025-08-12T17:25:27.145863,https://openalex.org/T11254,Fluid Dynamics and Vibration Analysis
W4316035260.pdf,2023-01-13,2025-08-12T17:26:26.638307,https://openalex.org/T10036,Advanced Neural Network Applications
W4383218683.pdf,2023-07-05,2025-08-12T17:27:02.325054,https://openalex.org/T11606,Infrastructure Maintenance and Monitoring
W4386065249.pdf,2023-08-01,2025-08-12T17:27:52.256664,https://openalex.org/T11326,Stock Market Forecasting Methods
W4386525316.pdf,2023-09-07,2025-08-12T17:27:55.044249,https://openalex.org/T13555,Healthcare cost, quality, practices
W4322616457.pdf,2023-02-28,2025-08-12T17:28:17.671041,https://openalex.org/T10290,Pregnancy and preeclampsia studies
W4378215623.pdf,2023-05-25,2025-08-12T17:28:38.767993,https://openalex.org/T12026,Explainable Artificial Intelligence (XAI)
W4389205282.pdf,2023-11-30,2025-08-12T17:29:01.856762,https://openalex.org/T11389,Maternal and fetal healthcare
W4390052069.pdf,2023-12-21,2025-08-12T17:29:05.475280,https://openalex.org/T10438,Energy, Environment, Economic Growth
W4365518343.pdf,2023-03-30,2025-08-12T17:29:24.792376,https://openalex.org/T11299,Problem and Project Based Learning
W4317039742.pdf,2023-01-17,2025-08-12T17:30:21.536121,https://openalex.org/T11396,Artificial Intelligence in Healthcare
W4317627641.pdf,2023-01-19,2025-08-12T17:30:30.350300,https://openalex.org/T10288,Fractional Differential Equations Solutions
W4322741220.pdf,2023-02-28,2025-08-12T17:30:42.243470,https://openalex.org/T11206,Model Reduction and Neural Networks
W4324117906.pdf,2023-01-01,2025-08-12T17:31:46.356149,https://openalex.org/T11864,Supply Chain Resilience and Risk Management
W4383820970.pdf,2023-07-10,2025-08-12T17:33:26.647882,https://openalex.org/T10439,Climate change impacts on agriculture
W2915156341.pdf,2023-07-20,2025-08-12T17:33:53.125358,https://openalex.org/T11698,Underwater Acoustics Research
W4318831437.pdf,2023-01-01,2025-08-12T17:35:10.559044,https://openalex.org/T11326,Stock Market Forecasting Methods
W4322631423.pdf,2023-04-28,2025-08-12T17:36:49.699178,https://openalex.org/T10026,Galaxies: Formation, Evolution, Phenomena
W4315641584.pdf,2023-01-11,2025-08-12T17:39:13.207679,https://openalex.org/T11652,Imbalanced Data Classification Techniques
W4318311500.pdf,2023-01-27,2025-08-12T17:39:15.576447,https://openalex.org/T10466,Meteorological Phenomena and Simulations
W4376868034.pdf,2023-05-17,2025-08-12T17:40:08.245479,https://openalex.org/T13018,Seismology and Earthquake Studies
W4384500389.pdf,2023-07-17,2025-08-12T17:40:41.306962,https://openalex.org/T10095,Cosmology and Gravitation Theories
W4377107466.pdf,2023-05-18,2025-08-12T17:42:15.466921,https://openalex.org/T10399,Hydrocarbon exploration and reservoir analysis
W4313893684.pdf,2023-01-09,2025-08-12T17:43:06.049944,https://openalex.org/T12157,Geochemistry and Geologic Mapping
W4386825962.pdf,2023-09-18,2025-08-12T17:46:04.221455,https://openalex.org/T11197,Digital Games and Media
W4393443761.pdf,2024-04-01,2025-08-12T17:48:33.750319,https://openalex.org/T11019,Image Enhancement Techniques
W4391407086.pdf,2024-01-01,2025-08-12T17:49:38.128719,https://openalex.org/T10400,Network Security and Intrusion Detection
W4392511248.pdf,2024-03-06,2025-08-12T17:50:49.616528,https://openalex.org/T11698,Underwater Acoustics Research
W4390669124.pdf,2024-01-08,2025-08-12T17:53:49.301840,https://openalex.org/T11111,Spectroscopy and Laser Applications
W4394584235.pdf,2024-01-01,2025-08-12T17:56:05.483443,https://openalex.org/T10482,Mathematical and Theoretical Epidemiology and Ecology Models
W4390615571.pdf,2024-01-05,2025-08-12T17:56:56.449879,https://openalex.org/T11147,Misinformation and Its Impacts
W4390858187.pdf,2024-01-14,2025-08-12T17:57:05.707509,https://openalex.org/T11801,Reservoir Engineering and Simulation Methods
W4391515297.pdf,2024-02-01,2025-08-12T17:57:40.146038,https://openalex.org/T10705,Additive Manufacturing Materials and Processes
W4392170101.pdf,2024-02-26,2025-08-12T17:58:06.439301,https://openalex.org/T11850,Concrete Corrosion and Durability
W4390858856.pdf,2024-01-14,2025-08-12T17:59:39.866122,https://openalex.org/T14260,Impact of AI and Big Data on Business and Society
W4391753670.pdf,2024-02-12,2025-08-12T18:00:01.794262,https://openalex.org/T11371,Wind and Air Flow Studies
W4399389941.pdf,2024-06-06,2025-08-12T18:01:26.603446,https://openalex.org/T13280,Biomedical and Engineering Education
W2804551012.pdf,2023-07-20,2025-08-12T18:04:29.354396,https://openalex.org/T11701,Space Satellite Systems and Control
W4387242734.pdf,2023-10-02,2025-08-12T18:06:17.148465,https://openalex.org/T11211,3D Surveying and Cultural Heritage
W4382397297.pdf,2023-06-28,2025-08-12T18:08:31.012287,https://openalex.org/T11006,BIM and Construction Integration
W4319983346.pdf,2023-02-10,2025-08-12T18:10:25.301501,https://openalex.org/T10550,Ovarian cancer diagnosis and treatment
W4366963733.pdf,2023-01-01,2025-08-12T18:13:49.240790,https://openalex.org/T13045,Industrial Engineering and Technologies
W4367322915.pdf,2023-04-27,2025-08-12T18:13:52.689433,https://openalex.org/T11430,Disaster Response and Management
W4383164198.pdf,2023-07-05,2025-08-12T18:14:28.661202,https://openalex.org/T11182,Auction Theory and Applications
W4386364995.pdf,2023-09-01,2025-08-12T18:14:48.897199,https://openalex.org/T10534,Structural Health Monitoring Techniques
W3126136377.pdf,2023-07-20,2025-08-12T18:15:18.266628,https://openalex.org/T11698,Underwater Acoustics Research
W4386995182.pdf,2023-09-24,2025-08-12T18:19:04.133127,https://openalex.org/T10228,Multilevel Inverters and Converters
W4391768407.pdf,2023-09-24,2025-08-12T18:19:44.316139,https://openalex.org/T11164,Remote Sensing and LiDAR Applications
W4318406493.pdf,2023-01-28,2025-08-12T18:20:14.824573,https://openalex.org/T14435,Information Retrieval and Data Mining
W4363610659.pdf,2023-01-01,2025-08-12T18:21:13.262416,https://openalex.org/T10355,Impact of Technology on Adolescents
W4361215661.pdf,2023-03-28,2025-08-12T18:25:20.814190,https://openalex.org/T10524,Traffic control and management
W4315434850.pdf,2023-01-11,2025-08-12T18:28:46.393775,https://openalex.org/T12443,Delphi Technique in Research
W4393305231.pdf,2024-03-12,2025-08-12T18:29:33.678220,https://openalex.org/T11659,Advanced Image Fusion Techniques
W4390876684.pdf,2024-01-13,2025-08-12T18:29:49.019002,https://openalex.org/T10784,Muscle activation and electromyography studies
W4391992425.pdf,2024-01-01,2025-08-12T18:30:40.602069,https://openalex.org/T12120,Air Quality Monitoring and Forecasting
W4392888672.pdf,2024-03-01,2025-08-12T18:32:16.849889,https://openalex.org/T12032,Multisensory perception and integration
W4393276669.pdf,2024-03-27,2025-08-12T18:32:34.486877,https://openalex.org/T10121,Building Energy and Comfort Optimization
W4396669394.pdf,2024-05-06,2025-08-12T18:33:08.710024,https://openalex.org/T10862,AI in cancer detection
W4390750338.pdf,2024-01-01,2025-08-12T18:34:23.187026,https://openalex.org/T13913,Blockchain Technology in Education and Learning
W4391594031.pdf,2024-01-01,2025-08-12T18:35:19.044030,https://openalex.org/T11038,Advanced SAR Imaging Techniques
W4391997673.pdf,2024-01-01,2025-08-12T18:35:44.128078,https://openalex.org/T10541,Nonlinear Differential Equations Analysis
W4392438470.pdf,2024-03-01,2025-08-12T18:36:05.805084,https://openalex.org/T12126,Maritime Transport Emissions and Efficiency
W4399282900.pdf,2024-06-03,2025-08-12T18:38:02.431634,https://openalex.org/T10581,Neural dynamics and brain function
W4400489056.pdf,2024-01-01,2025-08-12T18:39:33.154625,https://openalex.org/T10757,Geographic Information Systems Studies
W4391020313.pdf,2024-01-01,2025-08-12T18:40:32.024882,https://openalex.org/T10331,Video Surveillance and Tracking Methods
W4391097104.pdf,2024-01-01,2025-08-12T18:40:49.277249,https://openalex.org/T10616,Smart Agriculture and AI
W4315486926.pdf,2023-01-10,2025-08-12T18:45:49.540736,https://openalex.org/T10238,Spine and Intervertebral Disc Pathology
W4360913297.pdf,2023-01-01,2025-08-12T18:47:38.558843,https://openalex.org/T10879,Robotic Locomotion and Control
W4385440660.pdf,2023-07-20,2025-08-12T18:49:12.735361,https://openalex.org/T10105,Osteoarthritis Treatment and Mechanisms
W4385636399.pdf,2023-08-07,2025-08-12T18:49:24.869386,https://openalex.org/T11115,Topology Optimization in Engineering
W2973671922.pdf,2023-07-20,2025-08-12T18:50:31.037413,https://openalex.org/T10050,Multi-Criteria Decision Making
W4320017429.pdf,2023-02-10,2025-08-12T18:51:03.074636,https://openalex.org/T10397,Nutrition and Health in Aging
W4320912500.pdf,2023-02-15,2025-08-12T18:51:15.278543,https://openalex.org/T10938,Phase Change Materials Research
W4322580758.pdf,2023-02-27,2025-08-12T18:51:26.230358,https://openalex.org/T10157,Sports Performance and Training
W4379143350.pdf,2023-06-02,2025-08-12T18:53:10.849682,https://openalex.org/T13377,Ecosystem dynamics and resilience
W4381804811.pdf,2023-06-22,2025-08-12T18:53:30.687635,https://openalex.org/T11622,Maritime Navigation and Safety
W4382243449.pdf,2023-06-27,2025-08-12T18:53:35.464154,https://openalex.org/T10157,Sports Performance and Training
W4385637124.pdf,2023-08-07,2025-08-12T18:54:29.433003,https://openalex.org/T10203,Recommender Systems and Techniques
W4386798772.pdf,2023-09-16,2025-08-12T18:54:51.114450,https://openalex.org/T10302,Fish Ecology and Management Studies
W4386841789.pdf,2023-09-01,2025-08-12T18:54:51.242904,https://openalex.org/T13002,Southeast Asian Sociopolitical Studies
W2810378588.pdf,2023-07-20,2025-08-12T18:55:42.545388,https://openalex.org/T10220,Machine Fault Diagnosis Techniques
W3035548361.pdf,2023-04-03,2025-08-12T18:55:45.207208,https://openalex.org/T10223,Microgrid Control and Optimization
W3120801752.pdf,2023-07-20,2025-08-12T18:55:47.620562,https://openalex.org/T11692,Noise Effects and Management
W4327727018.pdf,2023-03-17,2025-08-12T18:57:41.061908,https://openalex.org/T10468,Photovoltaic System Optimization Techniques
W4361858356.pdf,2023-03-31,2025-08-12T18:58:03.280406,https://openalex.org/T10105,Osteoarthritis Treatment and Mechanisms
W4366077018.pdf,2023-04-17,2025-08-12T18:58:16.743336,https://openalex.org/T11035,Salivary Gland Tumors Diagnosis and Treatment
W4377971371.pdf,2023-05-24,2025-08-12T18:58:50.006095,https://openalex.org/T11636,Artificial Intelligence in Healthcare and Education
W4382137418.pdf,2023-06-23,2025-08-12T18:59:24.121916,https://openalex.org/T10026,Galaxies: Formation, Evolution, Phenomena
W4386950205.pdf,2023-09-01,2025-08-12T19:00:40.712491,https://openalex.org/T10845,Advanced Causal Inference Techniques
W4387394008.pdf,2023-10-07,2025-08-12T19:00:48.784207,https://openalex.org/T10916,Surgical Simulation and Training
W4316341607.pdf,2023-01-01,2025-08-12T19:02:52.637943,https://openalex.org/T10727,Ultrasound Imaging and Elastography
W4318263840.pdf,2023-01-27,2025-08-12T19:03:10.106001,https://openalex.org/T10378,Advanced MRI Techniques and Applications
W4322631170.pdf,2023-02-28,2025-08-12T19:04:00.230270,https://openalex.org/T12597,Fire Detection and Safety Systems
W4366316549.pdf,2023-01-01,2025-08-12T19:05:43.452101,https://openalex.org/T10482,Mathematical and Theoretical Epidemiology and Ecology Models
W4379056907.pdf,2023-06-01,2025-08-12T19:06:36.367397,https://openalex.org/T14510,Medical Imaging and Analysis
W4382173620.pdf,2023-05-01,2025-08-12T19:08:12.004538,https://openalex.org/T12452,Electrowetting and Microfluidic Technologies
W4383957098.pdf,2023-01-01,2025-08-12T19:08:41.405389,https://openalex.org/T10581,Neural dynamics and brain function
W4385777959.pdf,2023-08-12,2025-08-12T19:11:20.209576,https://openalex.org/T10315,Decision-Making and Behavioral Economics
W4388153243.pdf,2023-11-01,2025-08-12T19:12:33.875588,https://openalex.org/T11438,Retinal Imaging and Analysis
W4388539483.pdf,2023-11-09,2025-08-12T19:12:39.465762,https://openalex.org/T12026,Explainable Artificial Intelligence (XAI)
W4388665347.pdf,2023-11-14,2025-08-12T19:12:46.211995,https://openalex.org/T12592,Opinion Dynamics and Social Influence
W4389620067.pdf,2023-05-30,2025-08-12T19:13:08.128992,https://openalex.org/T13706,Management and Optimization Techniques
W4387397581.pdf,2023-10-05,2025-08-12T19:15:53.962822,https://openalex.org/T10868,Soft Robotics and Applications
W4390704937.pdf,2024-01-10,2025-08-12T19:16:18.432136,https://openalex.org/T10029,Climate variability and models
W4390740753.pdf,2024-01-11,2025-08-12T19:16:22.342861,https://openalex.org/T10571,Robotic Mechanisms and Dynamics
W4391528531.pdf,2024-02-01,2025-08-12T19:18:13.349393,https://openalex.org/T10836,Metabolomics and Mass Spectrometry Studies
W4391536178.pdf,2024-02-05,2025-08-12T19:18:16.508650,https://openalex.org/T10591,Theoretical and Computational Physics
W4392004891.pdf,2024-02-21,2025-08-12T19:18:53.960760,https://openalex.org/T13280,Biomedical and Engineering Education
W4392289380.pdf,2024-02-29,2025-08-12T19:19:12.795009,https://openalex.org/T11609,Geophysical Methods and Applications
W4393030802.pdf,2024-03-21,2025-08-12T19:20:36.007647,https://openalex.org/T12611,Neural Networks and Reservoir Computing
W4393066293.pdf,2024-03-22,2025-08-12T19:20:38.467578,https://openalex.org/T10883,Ethics and Social Impacts of AI
W4393932362.pdf,2024-04-04,2025-08-12T19:21:13.525304,https://openalex.org/T11644,Spam and Phishing Detection
W4394871020.pdf,2024-04-17,2025-08-12T19:21:34.288222,https://openalex.org/T12485,Optimism, Hope, and Well-being
W4396675584.pdf,2024-05-06,2025-08-12T19:22:00.585784,https://openalex.org/T10429,EEG and Brain-Computer Interfaces
W4399073783.pdf,2024-05-28,2025-08-12T19:22:31.755795,https://openalex.org/T11714,Multimodal Machine Learning Applications
W4400114586.pdf,2024-01-01,2025-08-12T19:23:11.038968,https://openalex.org/T10828,Biometric Identification and Security
W4390722651.pdf,2024-01-08,2025-08-12T19:24:11.683594,https://openalex.org/T10054,Parallel Computing and Optimization Techniques
W4390905244.pdf,2024-01-01,2025-08-12T19:24:56.299754,https://openalex.org/T11666,Color Science and Applications
W4390905672.pdf,2024-01-01,2025-08-12T19:25:03.887529,https://openalex.org/T12389,Infrared Target Detection Methodologies
W4390906058.pdf,2024-01-16,2025-08-12T19:25:08.196567,https://openalex.org/T10812,Human Pose and Action Recognition
W4390909664.pdf,2024-01-16,2025-08-12T19:25:09.030303,https://openalex.org/T11667,Advanced Chemical Sensor Technologies
W4390910457.pdf,2024-01-16,2025-08-12T19:25:09.834946,https://openalex.org/T10234,Obstructive Sleep Apnea Research
W4390911963.pdf,2024-01-16,2025-08-12T19:25:16.623171,https://openalex.org/T10539,Sustainable Supply Chain Management
W4390912959.pdf,2024-01-16,2025-08-12T19:25:17.131560,https://openalex.org/T11806,Service-Learning and Community Engagement
W4390913394.pdf,2024-01-16,2025-08-12T19:25:20.419631,https://openalex.org/T10084,Musculoskeletal pain and rehabilitation
W4390916177.pdf,2024-01-15,2025-08-12T19:25:22.101175,https://openalex.org/T11778,Electrical and Bioimpedance Tomography
W4390916864.pdf,2024-01-01,2025-08-12T19:25:25.552231,https://openalex.org/T11491,CAR-T cell therapy research
W4390917303.pdf,2024-01-16,2025-08-12T19:25:26.645407,https://openalex.org/T10784,Muscle activation and electromyography studies
W4390917943.pdf,2024-01-16,2025-08-12T19:25:27.415449,https://openalex.org/T10714,Software-Defined Networks and 5G
W4390918458.pdf,2024-01-16,2025-08-12T19:25:28.196337,https://openalex.org/T12154,Pelvic and Acetabular Injuries
W4390918618.pdf,2024-01-14,2025-08-12T19:25:30.743799,https://openalex.org/T13053,SMEs Development and Digital Marketing
W4390919063.pdf,2024-01-16,2025-08-12T19:25:32.431558,https://openalex.org/T10223,Microgrid Control and Optimization
W4390919175.pdf,2024-01-16,2025-08-12T19:25:34.356360,https://openalex.org/T11062,Gear and Bearing Dynamics Analysis
W4390919300.pdf,2024-01-16,2025-08-12T19:25:35.785642,https://openalex.org/T11512,Anomaly Detection Techniques and Applications
W4390933786.pdf,2024-01-01,2025-08-12T19:25:38.926889,https://openalex.org/T10876,Fault Detection and Control Systems
W4390938661.pdf,2024-01-01,2025-08-12T19:25:43.253165,https://openalex.org/T11439,Video Analysis and Summarization
W4390939283.pdf,2024-01-01,2025-08-12T19:25:48.023875,https://openalex.org/T12262,Hate Speech and Cyberbullying Detection
W4390939288.pdf,2024-01-01,2025-08-12T19:26:08.164993,https://openalex.org/T10220,Machine Fault Diagnosis Techniques
W4390939447.pdf,2024-01-01,2025-08-12T19:26:12.882206,https://openalex.org/T10278,Electric Motor Design and Analysis
W4390940551.pdf,2024-01-17,2025-08-12T19:26:14.609755,https://openalex.org/T11588,Atmospheric and Environmental Gas Dynamics
W4390941007.pdf,2024-01-17,2025-08-12T19:26:15.622367,https://openalex.org/T12611,Neural Networks and Reservoir Computing
W4390941228.pdf,2024-01-17,2025-08-12T19:26:19.707415,https://openalex.org/T12859,Cell Image Analysis Techniques
W4390942136.pdf,2024-01-17,2025-08-12T19:26:22.605254,https://openalex.org/T10111,Remote Sensing in Agriculture
W4390944709.pdf,2024-01-17,2025-08-12T19:26:22.840852,https://openalex.org/T10908,Analytical Chemistry and Chromatography
W4390944793.pdf,2024-01-17,2025-08-12T19:26:23.564850,https://openalex.org/T10211,Computational Drug Discovery Methods
W4390948083.pdf,2024-01-17,2025-08-12T19:26:24.820776,https://openalex.org/T12006,Ergonomics and Musculoskeletal Disorders
W4390953288.pdf,2024-01-17,2025-08-12T19:26:25.628158,https://openalex.org/T11573,Risk Perception and Management
W4390956169.pdf,2024-01-17,2025-08-12T19:26:29.750749,https://openalex.org/T10808,Electric and Hybrid Vehicle Technologies
W4390964384.pdf,2024-01-18,2025-08-12T19:26:33.081018,https://openalex.org/T10429,EEG and Brain-Computer Interfaces
W4390968749.pdf,2024-01-01,2025-08-12T19:26:36.130396,https://openalex.org/T10761,Vehicular Ad Hoc Networks (VANETs)
W4390969350.pdf,2024-01-18,2025-08-12T19:26:51.426114,https://openalex.org/T12702,Brain Tumor Detection and Classification
W4390969663.pdf,2024-01-01,2025-08-12T19:26:52.276478,https://openalex.org/T11941,Power System Reliability and Maintenance
W4390970441.pdf,2024-01-01,2025-08-12T19:26:52.893957,https://openalex.org/T10331,Video Surveillance and Tracking Methods
W4390971613.pdf,2024-01-18,2025-08-12T19:26:53.830480,https://openalex.org/T11930,Cardiac, Anesthesia and Surgical Outcomes
W4390972467.pdf,2024-01-18,2025-08-12T19:26:55.417995,https://openalex.org/T10534,Structural Health Monitoring Techniques
W4390973070.pdf,2024-01-18,2025-08-12T19:26:56.347129,https://openalex.org/T11438,Retinal Imaging and Analysis
W4390973776.pdf,2024-01-01,2025-08-12T19:26:58.876328,https://openalex.org/T10763,Digital Transformation in Industry
W4390975284.pdf,2024-01-18,2025-08-12T19:27:00.348849,https://openalex.org/T12120,Air Quality Monitoring and Forecasting
W4390975754.pdf,2024-01-18,2025-08-12T19:27:12.511958,https://openalex.org/T11164,Remote Sensing and LiDAR Applications
W4390984585.pdf,2024-01-18,2025-08-12T19:27:13.367238,https://openalex.org/T11326,Stock Market Forecasting Methods
W4390986487.pdf,2024-01-18,2025-08-12T19:27:13.775890,https://openalex.org/T10288,Fractional Differential Equations Solutions
W4390986707.pdf,2024-01-18,2025-08-12T19:27:14.550686,https://openalex.org/T10594,Genetic and phenotypic traits in livestock
W4390990618.pdf,2024-01-01,2025-08-12T19:27:22.325002,https://openalex.org/T12256,Facilities and Workplace Management
W4391001952.pdf,2024-01-18,2025-08-12T19:27:22.994502,https://openalex.org/T11814,Advanced Manufacturing and Logistics Optimization
W4391011766.pdf,2024-01-01,2025-08-12T19:27:27.765752,https://openalex.org/T13169,Consumer Perception and Purchasing Behavior
W4391022701.pdf,2024-01-19,2025-08-12T19:27:35.205892,https://openalex.org/T10463,Pulsars and Gravitational Waves Research
W4391023928.pdf,2024-01-19,2025-08-12T19:27:37.432074,https://openalex.org/T14319,Currency Recognition and Detection
W4391025285.pdf,2024-01-19,2025-08-12T19:27:38.893963,https://openalex.org/T12740,Gait Recognition and Analysis
W4391026876.pdf,2024-01-19,2025-08-12T19:27:39.675143,https://openalex.org/T11616,Autoimmune and Inflammatory Disorders Research
W4391027668.pdf,2024-01-19,2025-08-12T19:27:40.427131,https://openalex.org/T12131,Wireless Signal Modulation Classification
W4391030765.pdf,2024-01-12,2025-08-12T19:27:44.254692,https://openalex.org/T10515,Cancer-related molecular mechanisms research
W4391032550.pdf,2024-01-19,2025-08-12T19:27:45.260643,https://openalex.org/T11674,Sports Analytics and Performance
W4391057676.pdf,2024-01-21,2025-08-12T19:27:50.170309,https://openalex.org/T13181,Economic and Technological Systems Analysis
W4391057690.pdf,2024-01-21,2025-08-12T19:27:51.154456,https://openalex.org/T10664,Sentiment Analysis and Opinion Mining
W4391066676.pdf,2024-01-21,2025-08-12T19:27:55.466413,https://openalex.org/T11273,Advanced Graph Neural Networks
W4391067154.pdf,2024-01-21,2025-08-12T19:27:56.635360,https://openalex.org/T10059,Bone Tissue Engineering Materials
W4391067673.pdf,2024-01-20,2025-08-12T19:27:57.292083,https://openalex.org/T11276,Solar Radiation and Photovoltaics
W4391089346.pdf,2024-01-22,2025-08-12T19:27:58.366225,https://openalex.org/T12026,Explainable Artificial Intelligence (XAI)
W4391090608.pdf,2024-01-22,2025-08-12T19:27:59.199052,https://openalex.org/T11094,Face Recognition and Perception
W4391092768.pdf,2024-01-01,2025-08-12T19:28:01.293480,https://openalex.org/T10805,Vehicle Dynamics and Control Systems
W4391092988.pdf,2024-01-22,2025-08-12T19:28:07.753367,https://openalex.org/T10531,Advanced Vision and Imaging
W4391097146.pdf,2024-01-01,2025-08-12T19:28:28.681309,https://openalex.org/T11448,Face recognition and analysis
W4391097216.pdf,2024-01-01,2025-08-12T19:28:31.709533,https://openalex.org/T11326,Stock Market Forecasting Methods
W4391097223.pdf,2024-01-01,2025-08-12T19:28:38.378994,https://openalex.org/T10868,Soft Robotics and Applications
W4391097261.pdf,2024-01-01,2025-08-12T19:28:49.810291,https://openalex.org/T11081,Advanced Control Systems Design
W4391098737.pdf,2024-01-20,2025-08-12T19:28:52.316846,https://openalex.org/T12488,Mental Health via Writing
W4391100235.pdf,2024-01-21,2025-08-12T19:28:53.766830,https://openalex.org/T10444,Context-Aware Activity Recognition Systems
W4391103063.pdf,2024-01-20,2025-08-12T19:28:55.517963,https://openalex.org/T10223,Microgrid Control and Optimization
W4391103834.pdf,2024-01-22,2025-08-12T19:28:57.572323,https://openalex.org/T11164,Remote Sensing and LiDAR Applications
W4391103872.pdf,2024-01-21,2025-08-12T19:28:58.597155,https://openalex.org/T10930,Flood Risk Assessment and Management
W4391110629.pdf,2024-01-20,2025-08-12T19:28:59.764684,https://openalex.org/T10473,Postharvest Quality and Shelf Life Management
W4391112030.pdf,2024-01-22,2025-08-12T19:29:01.357294,https://openalex.org/T11775,COVID-19 diagnosis using AI
W4391120027.pdf,2024-01-01,2025-08-12T19:29:03.265631,https://openalex.org/T12081,Aerodynamics and Fluid Dynamics Research
W4391126736.pdf,2024-01-23,2025-08-12T19:29:04.993695,https://openalex.org/T11948,Machine Learning in Materials Science
W4391128364.pdf,2024-01-01,2025-08-12T19:29:34.545851,https://openalex.org/T10223,Microgrid Control and Optimization
W4391130561.pdf,2024-01-01,2025-08-12T19:29:44.465797,https://openalex.org/T10036,Advanced Neural Network Applications
W4391130644.pdf,2024-01-23,2025-08-12T19:29:46.132573,https://openalex.org/T10100,Metaheuristic Optimization Algorithms Research
W4391135575.pdf,2024-01-23,2025-08-12T19:29:47.922674,https://openalex.org/T12384,Customer churn and segmentation
W4391139001.pdf,2024-01-23,2025-08-12T19:29:49.086202,https://openalex.org/T10425,Cold Atom Physics and Bose-Einstein Condensates
W4391140679.pdf,2024-01-23,2025-08-12T19:29:50.125141,https://openalex.org/T10273,IoT and Edge/Fog Computing
W4391143961.pdf,2024-01-23,2025-08-12T19:29:50.787514,https://openalex.org/T11710,Biomedical Text Mining and Ontologies
W4391160908.pdf,2024-01-24,2025-08-12T19:29:54.251096,https://openalex.org/T10298,Urban Transport and Accessibility
W4391163201.pdf,2024-01-24,2025-08-12T19:29:55.611732,https://openalex.org/T11737,Advanced Materials and Mechanics
W4391164129.pdf,2024-01-01,2025-08-12T19:30:08.169491,https://openalex.org/T10429,EEG and Brain-Computer Interfaces
W4391164227.pdf,2024-01-01,2025-08-12T19:30:59.988941,https://openalex.org/T11283,Experimental Learning in Engineering
W4391164243.pdf,2024-01-01,2025-08-12T19:31:00.603772,https://openalex.org/T11309,Music and Audio Processing
W4391165157.pdf,2024-01-01,2025-08-12T19:31:17.902918,https://openalex.org/T10172,Cardiac Valve Diseases and Treatments
W4391168367.pdf,2024-01-24,2025-08-12T19:31:18.585787,https://openalex.org/T10191,Robotics and Sensor-Based Localization
W4391172453.pdf,2024-01-24,2025-08-12T19:31:21.653659,https://openalex.org/T10616,Smart Agriculture and AI
W4391172704.pdf,2024-01-24,2025-08-12T19:31:22.921763,https://openalex.org/T12246,Chronic Disease Management Strategies
W4391180020.pdf,2024-01-24,2025-08-12T19:31:26.116793,https://openalex.org/T12702,Brain Tumor Detection and Classification
W4391187548.pdf,2024-01-25,2025-08-12T19:31:27.436110,https://openalex.org/T11165,Image and Video Quality Assessment
W4391212981.pdf,2024-01-25,2025-08-12T19:31:29.718053,https://openalex.org/T10925,Spinal Cord Injury Research
W4391215855.pdf,2024-01-01,2025-08-12T19:31:32.656557,https://openalex.org/T10248,Nonlinear Waves and Solitons
W4391216382.pdf,2024-01-25,2025-08-12T19:31:33.930883,https://openalex.org/T11099,Autonomous Vehicle Technology and Safety
W4391219038.pdf,2024-01-25,2025-08-12T19:31:34.658391,https://openalex.org/T13283,Mental Health Research Topics
W4391226446.pdf,2024-01-25,2025-08-12T19:31:36.541034,https://openalex.org/T10458,Bladder and Urothelial Cancer Treatments
W4391227163.pdf,2024-01-25,2025-08-12T19:31:37.386183,https://openalex.org/T10429,EEG and Brain-Computer Interfaces
W4391229676.pdf,2024-01-24,2025-08-12T19:31:39.950283,https://openalex.org/T10040,Adaptive Control of Nonlinear Systems
W4391229789.pdf,2024-01-24,2025-08-12T19:31:40.850394,https://openalex.org/T10648,Virtual Reality Applications and Impacts
W4391230512.pdf,2024-01-25,2025-08-12T19:31:42.573323,https://openalex.org/T12126,Maritime Transport Emissions and Efficiency
W4391230929.pdf,2024-01-25,2025-08-12T19:31:43.443528,https://openalex.org/T11323,Gamma-ray bursts and supernovae
W4391235357.pdf,2024-01-01,2025-08-12T19:31:56.310442,https://openalex.org/T10271,Seismic Imaging and Inversion Techniques
W4391239793.pdf,2024-01-01,2025-08-12T19:31:57.687739,https://openalex.org/T11211,3D Surveying and Cultural Heritage
W4391242816.pdf,2024-01-25,2025-08-12T19:31:59.175609,https://openalex.org/T10876,Fault Detection and Control Systems
W4391245749.pdf,2024-02-22,2025-08-12T19:32:01.113906,https://openalex.org/T11473,Appendicitis Diagnosis and Management
W4391248415.pdf,2024-01-26,2025-08-12T19:32:06.162411,https://openalex.org/T11692,Noise Effects and Management
W4391250910.pdf,2024-01-01,2025-08-12T19:32:09.599021,https://openalex.org/T11659,Advanced Image Fusion Techniques
W4391253626.pdf,2024-01-26,2025-08-12T19:32:10.602248,https://openalex.org/T10547,Education, Achievement, and Giftedness
W4391258190.pdf,2024-01-26,2025-08-12T19:32:11.123804,https://openalex.org/T10780,Reliability and Maintenance Optimization
W4391258787.pdf,2024-01-26,2025-08-12T19:32:13.640057,https://openalex.org/T10982,Motor Control and Adaptation
W4391263397.pdf,2024-01-26,2025-08-12T19:32:15.175256,https://openalex.org/T10689,Remote-Sensing Image Classification
W4391263491.pdf,2024-01-26,2025-08-12T19:32:20.476267,https://openalex.org/T12262,Hate Speech and Cyberbullying Detection
W4391264577.pdf,2024-01-26,2025-08-12T19:32:26.112520,https://openalex.org/T11304,Advanced Neuroimaging Techniques and Applications
W4391265134.pdf,2024-01-26,2025-08-12T19:32:26.843839,https://openalex.org/T10822,Acoustic Wave Phenomena Research
W4391279793.pdf,2024-01-27,2025-08-12T19:32:29.243731,https://openalex.org/T10241,Functional Brain Connectivity Studies
W4391282094.pdf,2024-01-26,2025-08-12T19:32:32.044426,https://openalex.org/T10805,Vehicle Dynamics and Control Systems
W4391282720.pdf,2024-01-27,2025-08-12T19:32:34.298401,https://openalex.org/T10205,Advanced Fiber Optic Sensors
W4391296994.pdf,2024-01-01,2025-08-12T19:32:37.681128,https://openalex.org/T11052,Energy Load and Power Forecasting
W4391300512.pdf,2024-01-29,2025-08-12T19:32:38.572193,https://openalex.org/T12111,Industrial Vision Systems and Defect Detection
W4391304914.pdf,2024-01-28,2025-08-12T19:32:39.641447,https://openalex.org/T10640,Spectroscopy and Chemometric Analyses
W4391305473.pdf,2024-01-29,2025-08-12T19:32:40.722434,https://openalex.org/T10249,Distributed Control Multi-Agent Systems
W4391305487.pdf,2024-01-29,2025-08-12T19:32:44.805056,https://openalex.org/T11606,Infrastructure Maintenance and Monitoring
W4391305661.pdf,2024-01-01,2025-08-12T19:32:49.293071,https://openalex.org/T11739,Microwave Imaging and Scattering Analysis
W4391305668.pdf,2024-01-01,2025-08-12T19:32:52.924432,https://openalex.org/T10682,Quantum Computing Algorithms and Architecture
W4391305861.pdf,2024-01-01,2025-08-12T19:33:07.932365,https://openalex.org/T10500,Sparse and Compressive Sensing Techniques
W4391309010.pdf,2024-01-29,2025-08-12T19:33:08.901746,https://openalex.org/T12386,Advanced X-ray and CT Imaging
W4391312975.pdf,2024-01-29,2025-08-12T19:33:09.914374,https://openalex.org/T11063,Rough Sets and Fuzzy Logic
W4391313003.pdf,2024-01-29,2025-08-12T19:33:11.099022,https://openalex.org/T10114,Balance, Gait, and Falls Prevention
W4391313803.pdf,2024-01-28,2025-08-12T19:33:11.883451,https://openalex.org/T11196,Non-Invasive Vital Sign Monitoring
W4391316416.pdf,2024-01-28,2025-08-12T19:33:12.741546,https://openalex.org/T10637,Advanced Clustering Algorithms Research
W4391317690.pdf,2024-01-29,2025-08-12T19:33:13.969628,https://openalex.org/T12415,Employer Branding and e-HRM
W4391321151.pdf,2024-01-29,2025-08-12T19:33:15.960773,https://openalex.org/T11147,Misinformation and Its Impacts
W4391323708.pdf,2024-01-28,2025-08-12T19:33:16.787531,https://openalex.org/T11398,Hand Gesture Recognition Systems
W4391337270.pdf,2024-01-30,2025-08-12T19:33:17.721192,https://openalex.org/T11808,Superconducting Materials and Applications
W4391338034.pdf,2024-01-30,2025-08-12T19:33:18.589712,https://openalex.org/T11187,Nonlinear Dynamics and Pattern Formation
W4391341605.pdf,2024-08-01,2025-08-12T19:33:27.871741,https://openalex.org/T10502,Advanced Memory and Neural Computing
W4391342116.pdf,2024-01-01,2025-08-12T19:33:29.973712,https://openalex.org/T10392,Cutaneous Melanoma Detection and Management
W4391343882.pdf,2024-01-30,2025-08-12T19:33:32.362724,https://openalex.org/T10040,Adaptive Control of Nonlinear Systems
W4391344095.pdf,2024-01-01,2025-08-12T19:33:32.943092,https://openalex.org/T13224,Sports and Physical Education Research
W4391344164.pdf,2024-01-30,2025-08-12T19:33:33.865912,https://openalex.org/T10812,Human Pose and Action Recognition
W4391344962.pdf,2024-01-30,2025-08-12T19:33:36.835614,https://openalex.org/T12131,Wireless Signal Modulation Classification
W4391345705.pdf,2024-01-26,2025-08-12T19:33:37.701196,https://openalex.org/T10036,Advanced Neural Network Applications
W4391347723.pdf,2024-01-30,2025-08-12T19:33:38.556478,https://openalex.org/T10477,Astrophysics and Star Formation Studies
W4391347861.pdf,2024-01-30,2025-08-12T19:33:38.867540,https://openalex.org/T10622,Quantum Mechanics and Applications
W4391357438.pdf,2024-01-30,2025-08-12T19:33:45.793262,https://openalex.org/T11304,Advanced Neuroimaging Techniques and Applications
W4391359129.pdf,2024-01-30,2025-08-12T19:33:47.890611,https://openalex.org/T10429,EEG and Brain-Computer Interfaces
W4391359239.pdf,2024-01-30,2025-08-12T19:33:49.136587,https://openalex.org/T10775,Generative Adversarial Networks and Image Synthesis
W4391360939.pdf,2024-01-30,2025-08-12T19:33:50.025373,https://openalex.org/T10121,Building Energy and Comfort Optimization
W4391362175.pdf,2024-01-30,2025-08-12T19:33:52.087674,https://openalex.org/T11062,Gear and Bearing Dynamics Analysis
W4391365220.pdf,2024-01-01,2025-08-12T19:33:53.514676,https://openalex.org/T10690,Vibration Control and Rheological Fluids
W4391380862.pdf,2024-01-31,2025-08-12T19:33:54.578337,https://openalex.org/T10466,Meteorological Phenomena and Simulations
W4391384942.pdf,2024-01-31,2025-08-12T19:33:55.657065,https://openalex.org/T10914,Tactile and Sensory Interactions
W4391384953.pdf,2024-01-31,2025-08-12T19:33:57.238611,https://openalex.org/T11569,Optical Coherence Tomography Applications
W4391384962.pdf,2024-01-31,2025-08-12T19:33:57.600283,https://openalex.org/T10211,Computational Drug Discovery Methods
W4391385336.pdf,2024-01-31,2025-08-12T19:34:03.255034,https://openalex.org/T10644,Cryospheric studies and observations
W4391385393.pdf,2024-01-31,2025-08-12T19:34:04.228977,https://openalex.org/T10249,Distributed Control Multi-Agent Systems
W4391385519.pdf,2024-01-31,2025-08-12T19:34:05.679434,https://openalex.org/T12384,Customer churn and segmentation
W4391385648.pdf,2024-01-31,2025-08-12T19:34:09.584645,https://openalex.org/T11261,Quantum chaos and dynamical systems
W4391387201.pdf,2024-01-31,2025-08-12T19:34:11.057973,https://openalex.org/T10667,Emotion and Mood Recognition
W4391401033.pdf,2024-01-31,2025-08-12T19:34:13.075106,https://openalex.org/T10940,Navier-Stokes equation solutions
W4391402359.pdf,2024-01-31,2025-08-12T19:34:16.045963,https://openalex.org/T12486,Food Supply Chain Traceability
W4391404146.pdf,2024-01-31,2025-08-12T19:34:17.344031,https://openalex.org/T10664,Sentiment Analysis and Opinion Mining
W4391404338.pdf,2024-01-31,2025-08-12T19:34:18.380161,https://openalex.org/T10244,Chaos control and synchronization
W4391404580.pdf,2024-01-31,2025-08-12T19:34:20.613610,https://openalex.org/T11667,Advanced Chemical Sensor Technologies
W4391406992.pdf,2024-01-31,2025-08-12T19:34:21.030650,https://openalex.org/T14502,High-Voltage Power Transmission Systems
W4391418546.pdf,2024-01-31,2025-08-12T19:34:21.301165,https://openalex.org/T10339,Advanced Numerical Methods in Computational Mathematics
W4391420449.pdf,2024-01-30,2025-08-12T19:34:24.058768,https://openalex.org/T14495,Public Health and Nutrition
W4391436161.pdf,2024-02-01,2025-08-12T19:34:25.090709,https://openalex.org/T10992,Forensic Anthropology and Bioarchaeology Studies
W4391443389.pdf,2024-02-01,2025-08-12T19:34:27.105560,https://openalex.org/T11953,Neuroethics, Human Enhancement, Biomedical Innovations
W4391450207.pdf,2024-02-01,2025-08-12T19:34:28.736942,https://openalex.org/T11159,Manufacturing Process and Optimization
W4391454478.pdf,2024-01-01,2025-08-12T19:34:29.658273,https://openalex.org/T11307,Domain Adaptation and Few-Shot Learning
W4391454486.pdf,2024-01-01,2025-08-12T19:34:32.376378,https://openalex.org/T14018,Agriculture and Biological Studies
W4391454512.pdf,2024-01-01,2025-08-12T19:34:34.135493,https://openalex.org/T10888,Augmented Reality Applications
W4391460634.pdf,2024-02-01,2025-08-12T19:34:34.389337,https://openalex.org/T12859,Cell Image Analysis Techniques
W4391465571.pdf,2024-02-02,2025-08-12T19:34:35.305328,https://openalex.org/T10429,EEG and Brain-Computer Interfaces
W4391465821.pdf,2024-02-02,2025-08-12T19:34:37.117906,https://openalex.org/T11605,Visual Attention and Saliency Detection
W4391467349.pdf,2024-01-01,2025-08-12T19:34:42.836378,https://openalex.org/T10703,Business Process Modeling and Analysis
W4391470198.pdf,2024-02-02,2025-08-12T19:34:44.696404,https://openalex.org/T11544,Gender, Labor, and Family Dynamics
W4391471456.pdf,2024-02-02,2025-08-12T19:34:45.948931,https://openalex.org/T10923,Force Microscopy Techniques and Applications
W4391474753.pdf,2024-02-02,2025-08-12T19:34:48.249257,https://openalex.org/T10241,Functional Brain Connectivity Studies
W4391479944.pdf,2024-02-02,2025-08-12T19:34:57.334448,https://openalex.org/T11606,Infrastructure Maintenance and Monitoring
W4391480775.pdf,2024-02-02,2025-08-12T19:34:58.406362,https://openalex.org/T10429,EEG and Brain-Computer Interfaces
W4391482510.pdf,2024-02-02,2025-08-12T19:35:01.548700,https://openalex.org/T11775,COVID-19 diagnosis using AI
W4391482599.pdf,2024-02-02,2025-08-12T19:35:03.692177,https://openalex.org/T11557,Lubricants and Their Additives
W4391486488.pdf,2024-01-29,2025-08-12T19:35:04.620890,https://openalex.org/T10278,Electric Motor Design and Analysis
W4391486555.pdf,2024-02-02,2025-08-12T19:35:05.548326,https://openalex.org/T10586,Robotic Path Planning Algorithms
W4391492025.pdf,2024-01-09,2025-08-12T19:35:12.026358,https://openalex.org/T11206,Model Reduction and Neural Networks
W4391507765.pdf,2024-01-08,2025-08-12T19:35:14.228495,https://openalex.org/T13053,SMEs Development and Digital Marketing
W4391508918.pdf,2024-02-03,2025-08-12T19:35:14.806975,https://openalex.org/T11901,Bayesian Methods and Mixture Models
W4391513181.pdf,2024-02-03,2025-08-12T19:35:16.126962,https://openalex.org/T11021,ECG Monitoring and Analysis
W4391521753.pdf,2024-02-04,2025-08-12T19:35:17.115136,https://openalex.org/T10036,Advanced Neural Network Applications
W4391527939.pdf,2024-02-05,2025-08-12T19:35:37.888855,https://openalex.org/T10622,Quantum Mechanics and Applications
W4391528348.pdf,2024-01-01,2025-08-12T19:35:42.966672,https://openalex.org/T10603,Smart Grid Energy Management
W4391528430.pdf,2024-02-05,2025-08-12T19:35:44.382370,https://openalex.org/T10241,Functional Brain Connectivity Studies
W4391529394.pdf,2024-02-05,2025-08-12T19:35:46.766898,https://openalex.org/T12422,Radiomics and Machine Learning in Medical Imaging
W4391530692.pdf,2024-02-05,2025-08-12T19:35:47.449753,https://openalex.org/T10667,Emotion and Mood Recognition
W4391536004.pdf,2024-02-05,2025-08-12T19:35:49.208391,https://openalex.org/T10763,Digital Transformation in Industry
W4391536349.pdf,2024-02-05,2025-08-12T19:35:49.791403,https://openalex.org/T10283,Hearing Loss and Rehabilitation
W4391542408.pdf,2024-02-05,2025-08-12T19:35:50.761154,https://openalex.org/T10244,Chaos control and synchronization
W4391543928.pdf,2024-02-05,2025-08-12T19:35:52.817130,https://openalex.org/T10653,Robot Manipulation and Learning
W4391547623.pdf,2024-01-01,2025-08-12T19:36:00.184173,https://openalex.org/T10805,Vehicle Dynamics and Control Systems
W4391547645.pdf,2024-01-01,2025-08-12T19:36:03.378954,https://openalex.org/T10175,Advanced DC-DC Converters
W4391565989.pdf,2024-02-06,2025-08-12T19:36:05.362564,https://openalex.org/T12299,Radiation Shielding Materials Analysis
W4391566397.pdf,2024-02-06,2025-08-12T19:36:07.959758,https://openalex.org/T10653,Robot Manipulation and Learning
W4391569552.pdf,2024-02-06,2025-08-12T19:36:08.731494,https://openalex.org/T10211,Computational Drug Discovery Methods
W4391574227.pdf,2024-02-06,2025-08-12T19:36:11.963892,https://openalex.org/T11133,UAV Applications and Optimization
W4391576382.pdf,2024-02-06,2025-08-12T19:36:13.977148,https://openalex.org/T11443,Advanced Statistical Process Monitoring
W4391578036.pdf,2024-02-06,2025-08-12T19:36:23.180810,https://openalex.org/T12124,Engineering Education and Curriculum Development
W4391578114.pdf,2024-02-06,2025-08-12T19:36:24.971364,https://openalex.org/T10191,Robotics and Sensor-Based Localization
W4391578771.pdf,2024-02-06,2025-08-12T19:36:30.161759,https://openalex.org/T12597,Fire Detection and Safety Systems
W4391579821.pdf,2024-02-01,2025-08-12T19:36:32.319333,https://openalex.org/T11052,Energy Load and Power Forecasting
W4391582501.pdf,2024-01-01,2025-08-12T19:36:51.792647,https://openalex.org/T10036,Advanced Neural Network Applications
W4391582717.pdf,2024-02-06,2025-08-12T19:36:54.501358,https://openalex.org/T13702,Machine Learning in Healthcare
W4391589920.pdf,2024-02-06,2025-08-12T19:36:55.817311,https://openalex.org/T12157,Geochemistry and Geologic Mapping
W4391592879.pdf,2024-02-07,2025-08-12T19:36:58.459225,https://openalex.org/T12394,Insurance and Financial Risk Management
W4391595614.pdf,2024-02-07,2025-08-12T19:37:10.764244,https://openalex.org/T12419,Phonocardiography and Auscultation Techniques
W4391604142.pdf,2024-02-07,2025-08-12T19:37:12.919568,https://openalex.org/T10228,Multilevel Inverters and Converters
W4391607480.pdf,2024-02-07,2025-08-12T19:37:13.955499,https://openalex.org/T10441,Muscle Physiology and Disorders
W4391607728.pdf,2024-02-01,2025-08-12T19:37:16.986743,https://openalex.org/T12543,Groundwater and Watershed Analysis
W4391608902.pdf,2024-02-07,2025-08-12T19:37:18.411957,https://openalex.org/T10616,Smart Agriculture and AI
W4391609962.pdf,2024-02-07,2025-08-12T19:37:19.520711,https://openalex.org/T11307,Domain Adaptation and Few-Shot Learning
W4391611863.pdf,2024-02-07,2025-08-12T19:37:20.300403,https://openalex.org/T12118,Forest Biomass Utilization and Management
W4391615762.pdf,2024-02-07,2025-08-12T19:37:23.373022,https://openalex.org/T12111,Industrial Vision Systems and Defect Detection
W4391616941.pdf,2024-02-07,2025-08-12T19:37:25.993688,https://openalex.org/T11512,Anomaly Detection Techniques and Applications
W4391620746.pdf,2024-02-07,2025-08-12T19:37:38.004231,https://openalex.org/T12004,Advanced Frequency and Time Standards
W4391640582.pdf,2024-02-08,2025-08-12T19:37:43.083222,https://openalex.org/T11206,Model Reduction and Neural Networks
W4391640585.pdf,2024-01-01,2025-08-12T19:37:45.270527,https://openalex.org/T11304,Advanced Neuroimaging Techniques and Applications
W4391640993.pdf,2024-02-08,2025-08-12T19:37:45.836533,https://openalex.org/T10793,Diabetes Management and Education
W4391642958.pdf,2024-02-08,2025-08-12T19:37:47.171852,https://openalex.org/T11196,Non-Invasive Vital Sign Monitoring
W4391643250.pdf,2024-02-08,2025-08-12T19:37:53.235896,https://openalex.org/T10838,Animal Behavior and Welfare Studies
W4391644695.pdf,2024-02-08,2025-08-12T19:37:54.358399,https://openalex.org/T11164,Remote Sensing and LiDAR Applications
W4391647100.pdf,2024-02-07,2025-08-12T19:37:54.838965,https://openalex.org/T11196,Non-Invasive Vital Sign Monitoring
W4391649845.pdf,2024-02-08,2025-08-12T19:37:55.613100,https://openalex.org/T12255,Biosimilars and Bioanalytical Methods
W4391649864.pdf,2024-02-08,2025-08-12T19:37:58.103670,https://openalex.org/T12794,Adaptive Dynamic Programming Control
W4391650085.pdf,2024-02-08,2025-08-12T19:38:00.816861,https://openalex.org/T10616,Smart Agriculture and AI
W4391653116.pdf,2024-02-08,2025-08-12T19:38:01.991689,https://openalex.org/T11606,Infrastructure Maintenance and Monitoring
W4391655249.pdf,2024-02-08,2025-08-12T19:38:03.301161,https://openalex.org/T12389,Infrared Target Detection Methodologies
W4391655440.pdf,2024-02-08,2025-08-12T19:38:03.958765,https://openalex.org/T11587,Second Language Acquisition and Learning
W4391656687.pdf,2024-02-08,2025-08-12T19:38:12.123572,https://openalex.org/T11800,User Authentication and Security Systems
W4391659757.pdf,2024-01-20,2025-08-12T19:38:22.117452,https://openalex.org/T10616,Smart Agriculture and AI
W4391660241.pdf,2024-01-01,2025-08-12T19:38:22.921581,https://openalex.org/T12805,Cognitive Science and Mapping
W4391661497.pdf,2024-01-01,2025-08-12T19:38:25.631332,https://openalex.org/T11490,Hydrological Forecasting Using AI
W4391671866.pdf,2024-02-02,2025-08-12T19:38:48.411552,https://openalex.org/T11891,Big Data and Business Intelligence
W4391677839.pdf,2024-02-09,2025-08-12T19:38:49.268147,https://openalex.org/T10381,Ophthalmology and Visual Impairment Studies
W4391683953.pdf,2024-02-09,2025-08-12T19:38:50.179195,https://openalex.org/T11273,Advanced Graph Neural Networks
W4391684159.pdf,2024-02-09,2025-08-12T19:38:50.711495,https://openalex.org/T11689,Adversarial Robustness in Machine Learning
W4391685004.pdf,2024-02-09,2025-08-12T19:38:51.739133,https://openalex.org/T11133,UAV Applications and Optimization
W4391690397.pdf,2024-02-09,2025-08-12T19:38:54.015552,https://openalex.org/T10640,Spectroscopy and Chemometric Analyses
W4391691392.pdf,2024-02-09,2025-08-12T19:38:54.912376,https://openalex.org/T10784,Muscle activation and electromyography studies
W4391692753.pdf,2024-02-09,2025-08-12T19:38:56.107620,https://openalex.org/T10211,Computational Drug Discovery Methods
W4391694697.pdf,2024-02-09,2025-08-12T19:38:57.379210,https://openalex.org/T12015,Photoacoustic and Ultrasonic Imaging
W4391694913.pdf,2024-02-09,2025-08-12T19:38:58.544906,https://openalex.org/T11206,Model Reduction and Neural Networks
W4391696944.pdf,2024-01-01,2025-08-12T19:39:00.303955,https://openalex.org/T10191,Robotics and Sensor-Based Localization
W4391697001.pdf,2024-01-01,2025-08-12T19:39:00.657816,https://openalex.org/T11307,Domain Adaptation and Few-Shot Learning
W4391710159.pdf,2024-05-30,2025-08-12T19:39:01.287800,https://openalex.org/T12072,Machine Learning and Algorithms
W4391713858.pdf,2024-02-10,2025-08-12T19:39:02.202646,https://openalex.org/T11843,Family Business Performance and Succession
W4391720342.pdf,2024-02-07,2025-08-12T19:39:04.058051,https://openalex.org/T12702,Brain Tumor Detection and Classification
W4391721686.pdf,2024-02-10,2025-08-12T19:39:07.455518,https://openalex.org/T10551,Scheduling and Optimization Algorithms
W4391721746.pdf,2024-02-10,2025-08-12T19:39:08.320014,https://openalex.org/T10601,Handwritten Text Recognition Techniques
W4391722806.pdf,2024-02-10,2025-08-12T19:39:09.015054,https://openalex.org/T10485,Bullying, Victimization, and Aggression
W4391731090.pdf,2024-02-10,2025-08-12T19:39:10.778810,https://openalex.org/T10400,Network Security and Intrusion Detection
W4391731321.pdf,2024-02-10,2025-08-12T19:39:11.903732,https://openalex.org/T10968,Statistical Distribution Estimation and Applications
W4391735546.pdf,2024-02-11,2025-08-12T19:39:14.682624,https://openalex.org/T14143,Economic and Technological Innovation
W4391735669.pdf,2024-02-11,2025-08-12T19:39:15.195726,https://openalex.org/T11396,Artificial Intelligence in Healthcare
W4391743245.pdf,2024-02-12,2025-08-12T19:39:16.308646,https://openalex.org/T14509,demographic modeling and climate adaptation
W4391745181.pdf,2024-02-12,2025-08-12T19:39:17.208081,https://openalex.org/T12422,Radiomics and Machine Learning in Medical Imaging
W4391746586.pdf,2024-02-11,2025-08-12T19:39:17.999730,https://openalex.org/T10594,Genetic and phenotypic traits in livestock
W4391752325.pdf,2024-02-12,2025-08-12T19:39:19.282136,https://openalex.org/T12611,Neural Networks and Reservoir Computing
W4391752337.pdf,2024-02-11,2025-08-12T19:39:24.726982,https://openalex.org/T12486,Food Supply Chain Traceability
W4391752340.pdf,2024-02-12,2025-08-12T19:39:27.553114,https://openalex.org/T12306,Urban and Freight Transport Logistics
W4391752409.pdf,2024-02-11,2025-08-12T19:39:32.256859,https://openalex.org/T10036,Advanced Neural Network Applications
W4391752677.pdf,2024-02-10,2025-08-12T19:39:32.907142,https://openalex.org/T10160,Seismic Performance and Analysis
W4391753472.pdf,2024-02-10,2025-08-12T19:39:34.698171,https://openalex.org/T12042,Satellite Communication Systems
W4391754777.pdf,2024-02-12,2025-08-12T19:39:36.261285,https://openalex.org/T12784,Modular Robots and Swarm Intelligence
W4391757004.pdf,2024-02-12,2025-08-12T19:39:37.524308,https://openalex.org/T11122,Online Learning and Analytics
W4391759517.pdf,2024-01-01,2025-08-12T19:39:38.930452,https://openalex.org/T11241,Advanced Malware Detection Techniques
W4391759811.pdf,2024-02-12,2025-08-12T19:39:39.604420,https://openalex.org/T12535,Machine Learning and Data Classification
W4391759831.pdf,2024-01-01,2025-08-12T19:39:40.331420,https://openalex.org/T10860,Speech and Audio Processing
W4391765562.pdf,2024-02-12,2025-08-12T19:39:40.911610,https://openalex.org/T10339,Advanced Numerical Methods in Computational Mathematics
W4391771033.pdf,2024-02-13,2025-08-12T19:39:43.258751,https://openalex.org/T11147,Misinformation and Its Impacts
W4391783814.pdf,2024-02-13,2025-08-12T19:39:43.881928,https://openalex.org/T11097,Cerebral Palsy and Movement Disorders
W4391784553.pdf,2024-02-13,2025-08-12T19:39:44.828134,https://openalex.org/T11147,Misinformation and Its Impacts
W4391786887.pdf,2024-02-13,2025-08-12T19:39:46.366944,https://openalex.org/T11520,Advanced Thermodynamics and Statistical Mechanics
W4391804768.pdf,2024-02-14,2025-08-12T19:39:49.247121,https://openalex.org/T10429,EEG and Brain-Computer Interfaces
W4391807095.pdf,2024-02-14,2025-08-12T19:39:56.326881,https://openalex.org/T10964,Wireless Communication Security Techniques
W4391807422.pdf,2024-02-14,2025-08-12T19:39:57.079441,https://openalex.org/T11689,Adversarial Robustness in Machine Learning
W4391808123.pdf,2024-02-14,2025-08-12T19:39:57.480291,https://openalex.org/T10994,Terrorism, Counterterrorism, and Political Violence
W4391808241.pdf,2024-02-14,2025-08-12T19:39:58.437804,https://openalex.org/T10560,Diabetes Management and Research
W4391814420.pdf,2024-02-13,2025-08-12T19:39:59.647245,https://openalex.org/T10812,Human Pose and Action Recognition
W4391814965.pdf,2024-02-13,2025-08-12T19:40:00.366016,https://openalex.org/T10183,Breast Cancer Treatment Studies
W4391815887.pdf,2024-02-14,2025-08-12T19:40:01.618667,https://openalex.org/T11241,Advanced Malware Detection Techniques
W4391816773.pdf,2024-02-14,2025-08-12T19:40:02.768532,https://openalex.org/T11147,Misinformation and Its Impacts
W4391817443.pdf,2024-02-14,2025-08-12T19:40:04.556757,https://openalex.org/T11601,Neuroscience and Neural Engineering
W4391818981.pdf,2024-02-13,2025-08-12T19:40:08.040496,https://openalex.org/T11017,Chaos-based Image/Signal Encryption
W4391820614.pdf,2024-02-14,2025-08-12T19:40:08.777387,https://openalex.org/T11490,Hydrological Forecasting Using AI
W4391822600.pdf,2024-02-14,2025-08-12T19:40:09.340161,https://openalex.org/T10019,Corporate Finance and Governance
W4391823392.pdf,2024-02-14,2025-08-12T19:40:12.397744,https://openalex.org/T11363,Dental Radiography and Imaging
W4391824400.pdf,2024-02-14,2025-08-12T19:40:13.143192,https://openalex.org/T10682,Quantum Computing Algorithms and Architecture
W4391826830.pdf,2024-02-10,2025-08-12T19:40:13.413644,https://openalex.org/T11948,Machine Learning in Materials Science
W4391827377.pdf,2024-02-14,2025-08-12T19:40:15.243691,https://openalex.org/T10868,Soft Robotics and Applications
W4391829882.pdf,2024-02-07,2025-08-12T19:40:20.484891,https://openalex.org/T10571,Robotic Mechanisms and Dynamics
W4391840437.pdf,2024-02-15,2025-08-12T19:40:21.677514,https://openalex.org/T12128,AI in Service Interactions
W4391840474.pdf,2024-02-15,2025-08-12T19:40:22.657956,https://openalex.org/T12111,Industrial Vision Systems and Defect Detection
W4391841529.pdf,2024-02-14,2025-08-12T19:40:25.055030,https://openalex.org/T10688,Image and Signal Denoising Methods
W4391843359.pdf,2024-02-15,2025-08-12T19:40:26.269676,https://openalex.org/T10864,Fluid Dynamics and Mixing
W4391843787.pdf,2024-02-15,2025-08-12T19:40:27.445296,https://openalex.org/T11512,Anomaly Detection Techniques and Applications
W4391844222.pdf,2024-02-15,2025-08-12T19:40:27.907433,https://openalex.org/T10020,Quantum Information and Cryptography
W4391845391.pdf,2024-02-15,2025-08-12T19:40:28.980393,https://openalex.org/T10862,AI in cancer detection
W4391845689.pdf,2024-02-15,2025-08-12T19:40:29.996821,https://openalex.org/T12386,Advanced X-ray and CT Imaging
W4391845690.pdf,2024-02-15,2025-08-12T19:40:31.102800,https://openalex.org/T10522,Medical Imaging Techniques and Applications
W4391846683.pdf,2024-02-15,2025-08-12T19:40:32.248576,https://openalex.org/T10711,Target Tracking and Data Fusion in Sensor Networks
W4391850111.pdf,2024-02-15,2025-08-12T19:40:36.054099,https://openalex.org/T11975,Evolutionary Algorithms and Applications
